Section,Page title,Current live URL,Preview route,Page pattern
Start Here,Home,https://www.broadway-academy.co.uk/,/,home
Start Here,Parents,https://www.broadway-academy.co.uk/about-2/parents/,/about-2/parents/,parents
Start Here,Safeguarding,https://www.broadway-academy.co.uk/safeguarding-3/,/safeguarding-3/,safeguarding
Start Here,Contact,https://www.broadway-academy.co.uk/contact/,/contact/,contact
Start Here,Leadership,https://www.broadway-academy.co.uk/leadership/,/leadership/,leadership
Start Here,Prospectus,https://www.broadway-academy.co.uk/about-2/prospectus/,/about-2/prospectus/,prospectus
About Broadway,About Broadway Academy,https://www.broadway-academy.co.uk/about-2/,/about-2/,landing
About Broadway,Broadway Values,https://www.broadway-academy.co.uk/about-2/values/,/about-2/values/,values
About Broadway,Vision,https://www.broadway-academy.co.uk/about-2/vision/,/about-2/vision/,vision
About Broadway,Attendance,https://www.broadway-academy.co.uk/about-2/attendance-3/,/about-2/attendance-3/,attendance
About Broadway,Admissions and Appeals,https://www.broadway-academy.co.uk/about-2/admissions/,/about-2/admissions/,admissions
About Broadway,Policies,https://www.broadway-academy.co.uk/about-2/policies/,/about-2/policies/,policies
About Broadway,Primary Transition,https://www.broadway-academy.co.uk/about-2/primary-liaison-2/,/about-2/primary-liaison-2/,transition
About Broadway,Broadway Dining,https://www.broadway-academy.co.uk/broadway-dining/,/broadway-dining/,generic
About Broadway,Ofsted Reports and Information,https://www.broadway-academy.co.uk/about-2/ofsted-reports/,/about-2/ofsted-reports/,documents
About Broadway,Statutory Requirements,https://www.broadway-academy.co.uk/about-2/statutory-requirements/,/about-2/statutory-requirements/,statutory
About Broadway,Governing Board,https://www.broadway-academy.co.uk/about-2/governing-body/,/about-2/governing-body/,governance
About Broadway,Job Opportunities,https://www.broadway-academy.co.uk/job-opportunities/,/job-opportunities/,jobs
Exams And Results,Exam Rules and Revision,https://www.broadway-academy.co.uk/exams/rules/,/exams/rules/,exams
Exams And Results,Collecting Results,https://www.broadway-academy.co.uk/exams/collecting-results/,/exams/collecting-results/,archive_notice
Exams And Results,2017 Results,https://www.broadway-academy.co.uk/exams/2017-results/,/exams/2017-results/,results
Exams And Results,2018 Results,https://www.broadway-academy.co.uk/exams/2018-results/,/exams/2018-results/,results
Exams And Results,2019 Results,https://www.broadway-academy.co.uk/exams/2019-results/,/exams/2019-results/,results
Exams And Results,2020/21 Results,https://www.broadway-academy.co.uk/2020-21-results/,/2020-21-results/,results
Exams And Results,2022 Results,https://www.broadway-academy.co.uk/results-2022/,/results-2022/,results
Exams And Results,2023/24 Results,https://www.broadway-academy.co.uk/results-23-24/,/results-23-24/,results
Exams And Results,2024/25 Results,https://www.broadway-academy.co.uk/results-24-25/,/results-24-25/,results
News And Dates,News,https://www.broadway-academy.co.uk/news/,/news/,news
News And Dates,News at Broadway,https://www.broadway-academy.co.uk/news/news-at-broadway/,/news/news-at-broadway/,news
News And Dates,Newsletters,https://www.broadway-academy.co.uk/news/weekly-news-letters/,/news/weekly-news-letters/,documents
News And Dates,Broadway Sports Report,https://www.broadway-academy.co.uk/news/broadway-sports-report/,/news/broadway-sports-report/,sport
News And Dates,Broadway Voice,https://www.broadway-academy.co.uk/student-voice/,/student-voice/,voice
News And Dates,Interventions,https://www.broadway-academy.co.uk/news/interventions/,/news/interventions/,generic
News And Dates,Calendar and Term Dates,https://www.broadway-academy.co.uk/calendar/,/calendar/,calendar
News And Dates,Covid-19 Testing in School and Home,https://www.broadway-academy.co.uk/covid-19-testing-in-school/,/covid-19-testing-in-school/,archive_notice
Curriculum And Support,Subject Curriculum,https://www.broadway-academy.co.uk/new-curriculum-page/,/new-curriculum-page/,curriculum
Curriculum And Support,More Able Students,https://www.broadway-academy.co.uk/more-able-students/,/more-able-students/,moreable
Curriculum And Support,Careers Education,https://www.broadway-academy.co.uk/curriculum/ceiag/,/curriculum/ceiag/,careers
Curriculum And Support,Student Support,https://www.broadway-academy.co.uk/curriculum/pastoral/,/curriculum/pastoral/,support
Curriculum And Support,Year 9 Options Process,https://www.broadway-academy.co.uk/6th-form-welcome/our-curriculum/year-9-options-process/,/6th-form-welcome/our-curriculum/year-9-options-process/,options
Curriculum And Support,SEND Information Report,https://www.broadway-academy.co.uk/curriculum/sen/,/curriculum/sen/,send
Curriculum And Support,Personal Development Programme,https://www.broadway-academy.co.uk/curriculum/psheceiag/,/curriculum/psheceiag/,pdp
Curriculum And Support,Online Safety – Parent and Student Guide,https://www.broadway-academy.co.uk/about-2/e-safety-for-parents/,/about-2/e-safety-for-parents/,online_safety
Co And Extra-Curricular,Co and Extra-curricular,https://www.broadway-academy.co.uk/curriculum/extra-curricular/,/curriculum/extra-curricular/,activities
Co And Extra-Curricular,Broadway Academy Music,https://www.broadway-academy.co.uk/broadway-academy-music/,/broadway-academy-music/,music
Co And Extra-Curricular,Outdoor Education and Student Leadership,https://www.broadway-academy.co.uk/pool-island/,/pool-island/,outdoor
Co And Extra-Curricular,Sports Academies,https://www.broadway-academy.co.uk/sports-academies/,/sports-academies/,sport
Co And Extra-Curricular,The Duke of Edinburgh Award,https://www.broadway-academy.co.uk/curriculum/the-duke-of-edinburghs-award/,/curriculum/the-duke-of-edinburghs-award/,dofe
Co And Extra-Curricular,Student Leadership,https://www.broadway-academy.co.uk/student-leadership/,/student-leadership/,student_leadership
Co And Extra-Curricular,Tall Ships,https://www.broadway-academy.co.uk/curriculum/extra-curricular/tall-ships/,/curriculum/extra-curricular/tall-ships/,archive_notice
Co And Extra-Curricular,Our Academy Pledges,https://www.broadway-academy.co.uk/our-academy-pledges/,/our-academy-pledges/,pledges
Sixth Form,Sixth Form Welcome,https://www.broadway-academy.co.uk/sixth-form/,/sixth-form/,sixth
Community,Community,https://www.broadway-academy.co.uk/community-2/,/community-2/,community
Community,Community What’s On?,https://www.broadway-academy.co.uk/community-2/community-whats-on/,/community-2/community-whats-on/,community_schedule
Community,Community Centre Pricing,https://www.broadway-academy.co.uk/community-2/community-centre-pricing/,/community-2/community-centre-pricing/,community_pricing
Community,Fitness Suite,https://www.broadway-academy.co.uk/community-2/fitness-suite/,/community-2/fitness-suite/,generic
Community,Function Room Hire,https://www.broadway-academy.co.uk/community-2/function-room-hire/,/community-2/function-room-hire/,community_hire
Community,Inter-faith Work,https://www.broadway-academy.co.uk/community-2/inter-faith-work/,/community-2/inter-faith-work/,generic
Community,Our Partners,https://www.broadway-academy.co.uk/community-2/our-partners/,/community-2/our-partners/,partners
Website Information,Gdpr Privacy Notice,https://www.broadway-academy.co.uk/gdpr-privacy-notice-2/,/gdpr-privacy-notice-2/,privacy
Website Information,Cookie Policy,https://www.broadway-academy.co.uk/cookie-policy/,/cookie-policy/,generic
Website Information,360° School Tour,https://www.broadway-academy.co.uk/info/360-tour-2/,/info/360-tour-2/,tour
Website Information,Sitemap,https://www.broadway-academy.co.uk/sitemap/,/sitemap/,sitemap
Curriculum And Support,SEND Easy Read,https://www.broadway-academy.co.uk/curriculum/sen/,/curriculum/sen/easy-read/,easyread
Curriculum And Support,Art & Design,https://www.broadway-academy.co.uk/new-curriculum-page/,/new-curriculum-page/art/,subject
Curriculum And Support,Business Studies,https://www.broadway-academy.co.uk/new-curriculum-page/business-studies/,/new-curriculum-page/business-studies/,subject
Curriculum And Support,Computing & ICT,https://www.broadway-academy.co.uk/new-curriculum-page/,/new-curriculum-page/computing/,subject
Curriculum And Support,Design Technology,https://www.broadway-academy.co.uk/new-curriculum-page/design-technology/,/new-curriculum-page/design-technology/,subject
Curriculum And Support,Drama,https://www.broadway-academy.co.uk/new-curriculum-page/drama/,/new-curriculum-page/drama/,subject
Curriculum And Support,English,https://www.broadway-academy.co.uk/new-curriculum-page/,/new-curriculum-page/english/,subject
Curriculum And Support,French,https://www.broadway-academy.co.uk/new-curriculum-page/,/new-curriculum-page/french/,subject
Curriculum And Support,Geography,https://www.broadway-academy.co.uk/new-curriculum-page/geography/,/new-curriculum-page/geography/,subject
Curriculum And Support,Health & Social Care,https://www.broadway-academy.co.uk/new-curriculum-page/,/new-curriculum-page/health-social-care/,subject
Curriculum And Support,History,https://www.broadway-academy.co.uk/new-curriculum-page/,/new-curriculum-page/history/,subject
Curriculum And Support,Mathematics,https://www.broadway-academy.co.uk/new-curriculum-page/mathematics/,/new-curriculum-page/mathematics/,subject
Curriculum And Support,Music,https://www.broadway-academy.co.uk/new-curriculum-page/,/new-curriculum-page/music/,subject
Curriculum And Support,Physical Education,https://www.broadway-academy.co.uk/new-curriculum-page/physical-education/,/new-curriculum-page/physical-education/,subject
Curriculum And Support,Religious Education,https://www.broadway-academy.co.uk/new-curriculum-page/,/new-curriculum-page/religious-education/,subject
Curriculum And Support,Science,https://www.broadway-academy.co.uk/new-curriculum-page/,/new-curriculum-page/science/,subject

Section overview,Learning,,/learning/,section hub
Section overview,Student life,,/student-life/,section hub
Section overview,Exams & results,,/exams/,section hub
Exams And Results,2025/26 Results,https://www.broadway-academy.co.uk/results-25-26/,/results-25-26/,results
